RecommendationID,URL,Site,Title,Year
1,https://www.thebalancecareers.com/list-of-data-scientist-skills-2062381,the balance careers,Important Job Skills for Data Scientist,2021
2,https://www.analyticsvidhya.com/blog/2020/11/14-must-have-skills-to-become-a-data-scientist-with-resources/,Analytics Vidhya,14 Must-Have Skills to Become a Data Scientist (with Resources!),2020
3,https://www.udacity.com/blog/2020/11/skills-to-launch-data-science-career.html,Udacity,"Top 8 Skills You Need to be a Data Scientist
",2021
4,https://www.interviewbit.com/blog/skills-required-for-data-scientist/,InterviewBit,Top Skills Required for Data Scientist,2022
5,https://quanthub.com/data-science-skills/,quanthub,Data Science Skills â€“ A Brief Guide,2020
6,https://www.tableau.com/learn/articles/data-science-skills,Tableau,10 Essential Skill Sets For Data Scientists,
7,https://www.techtarget.com/searchbusinessanalytics/feature/The-most-in-demand-data-science-skills-you-need,TechTarget,14 most in-demand data science skills you need to succeed,2021
8,https://bootcamp.berkeley.edu/blog/data-scientist-skills/,Berkeley Boot Camp,11 Data Scientist Skills Employers Want to See in 2022,2022
9,https://towardsdatascience.com/top-10-skills-for-a-data-scientist-in-2020-2b8e6122a742,Towards Data Science,Top 10 Skills for a Data Scientist,2020
10,https://www.indeed.com/career-advice/resumes-cover-letters/skills-for-a-data-scientist,indeed,Top 12 Skills You Need To Become a Data Scientist,2021
11,https://www.simplilearn.com/what-skills-do-i-need-to-become-a-data-scientist-article,simplilearn,Top 6 Data Scientist Skills You Need in 2022,2022
12,https://www.kdnuggets.com/2018/05/simplilearn-9-must-have-skills-data-scientist.html,KDnuggets,"9 Must-have skills you need to become a Data Scientist, updated",2021